example_id,split,source,target,serialization,group_id,augmentation_index
train-001509715,train,CNC(=O)NCC(C(=O)Nc1ccccc1)c1ccc(C(=O)Nc2cc(-c3ccsc3)ccc2NC(=O)OC(C)(C)C)cc1.O=C([O-])O.CCOC(C)=O.[Na+].ClCCl.O=C(O)C(F)(F)F,CNC(=O)NCC(C(=O)Nc1ccccc1)c1ccc(C(=O)Nc2cc(-c3ccsc3)ccc2N)cc1,r_smiles,train-group-000301943,0
train-001509716,train,N(C(=O)c1ccc(C(CNC(=O)NC)C(=O)Nc2ccccc2)cc1)c1cc(-c2ccsc2)ccc1NC(=O)OC(C)(C)C.C(Cl)Cl.[Na+].O=C([O-])O.C(C)(=O)OCC.C(F)(F)(F)C(=O)O,N(C(=O)c1ccc(C(CNC(=O)NC)C(=O)Nc2ccccc2)cc1)c1cc(-c2ccsc2)ccc1N,r_smiles,train-group-000301943,1
train-001509717,train,OC(=O)[O-].ClCCl.O=C(C)OCC.C(=O)(O)C(F)(F)F.c1ccccc1NC(=O)C(CNC(=O)NC)c1ccc(C(=O)Nc2cc(-c3ccsc3)ccc2NC(=O)OC(C)(C)C)cc1.[Na+],c1ccccc1NC(=O)C(CNC(=O)NC)c1ccc(C(=O)Nc2cc(-c3ccsc3)ccc2N)cc1,r_smiles,train-group-000301943,2
train-001509718,train,[O-]C(=O)O.CC(=O)OCC.ClCCl.FC(F)(F)C(=O)O.C(=O)(Nc1ccc(-c2ccsc2)cc1NC(=O)c1ccc(C(CNC(=O)NC)C(=O)Nc2ccccc2)cc1)OC(C)(C)C.[Na+],Nc1ccc(-c2ccsc2)cc1NC(=O)c1ccc(C(CNC(=O)NC)C(=O)Nc2ccccc2)cc1,r_smiles,train-group-000301943,3
train-001509719,train,C(F)(F)(F)C(=O)O.OC(=O)[O-].C(C)(=O)OCC.[Na+].c1cc(C(=O)Nc2cc(-c3ccsc3)ccc2NC(=O)OC(C)(C)C)ccc1C(CNC(=O)NC)C(=O)Nc1ccccc1.C(Cl)Cl,c1cc(C(=O)Nc2cc(-c3ccsc3)ccc2N)ccc1C(CNC(=O)NC)C(=O)Nc1ccccc1,r_smiles,train-group-000301943,4
train-000625880,train,C[Si](C)(C)[N-][Si](C)(C)C.Cc1ccccn1.C1CCOC1.[Li+].CCOC(=O)c1ccc(OC2CCN(C(=O)OC(C)(C)C)CC2)cc1,C(=O)(Cc1ccccn1)c1ccc(OC2CCN(C(=O)OC(C)(C)C)CC2)cc1,r_smiles,train-group-000125176,0
train-000625881,train,[Li+].C1CCOC1.C1CC(Oc2ccc(C(=O)OCC)cc2)CCN1C(=O)OC(C)(C)C.Cc1ccccn1.[Si](C)(C)(C)[N-][Si](C)(C)C,C1CC(Oc2ccc(C(=O)Cc3ccccn3)cc2)CCN1C(=O)OC(C)(C)C,r_smiles,train-group-000125176,1
train-000625882,train,[Li+].N1(C(=O)OC(C)(C)C)CCC(Oc2ccc(C(=O)OCC)cc2)CC1.C[Si](C)(C)[N-][Si](C)(C)C.n1ccccc1C.O1CCCC1,N1(C(=O)OC(C)(C)C)CCC(Oc2ccc(C(=O)Cc3ccccn3)cc2)CC1,r_smiles,train-group-000125176,2
train-000625883,train,C1CCOC1.[Li+].C1CC(Oc2ccc(C(=O)OCC)cc2)CCN1C(=O)OC(C)(C)C.c1cccc(C)n1.[Si](C)(C)(C)[N-][Si](C)(C)C,C1CC(Oc2ccc(C(=O)Cc3ccccn3)cc2)CCN1C(=O)OC(C)(C)C,r_smiles,train-group-000125176,3
train-000625884,train,CC(C)(C)OC(=O)N1CCC(Oc2ccc(C(=O)OCC)cc2)CC1.c1ccc(C)nc1.C1CCCO1.C[Si](C)(C)[N-][Si](C)(C)C.[Li+],CC(C)(C)OC(=O)N1CCC(Oc2ccc(C(=O)Cc3ccccn3)cc2)CC1,r_smiles,train-group-000125176,4
train-000387610,train,Clc1cc(Cl)c(Cl)nc1Cl.COCC1COC(=O)N1c1ccc(C(=O)N2CCNCC2)cc1,COCC1COC(=O)N1c1ccc(C(=O)N2CCN(c3nc(Cl)c(Cl)cc3Cl)CC2)cc1,r_smiles,train-group-000077522,0
train-000387611,train,c1cc(N2C(=O)OCC2COC)ccc1C(=O)N1CCNCC1.n1c(Cl)c(Cl)cc(Cl)c1Cl,c1cc(N2C(=O)OCC2COC)ccc1C(=O)N1CCN(c2nc(Cl)c(Cl)cc2Cl)CC1,r_smiles,train-group-000077522,1
train-000387612,train,c1cc(C(=O)N2CCNCC2)ccc1N1C(=O)OCC1COC.c1(Cl)cc(Cl)c(Cl)nc1Cl,c1cc(C(=O)N2CCN(c3nc(Cl)c(Cl)cc3Cl)CC2)ccc1N1C(=O)OCC1COC,r_smiles,train-group-000077522,2
train-000387613,train,Clc1nc(Cl)c(Cl)cc1Cl.N1(C(=O)c2ccc(N3C(=O)OCC3COC)cc2)CCNCC1,N1(C(=O)c2ccc(N3C(=O)OCC3COC)cc2)CCN(c2nc(Cl)c(Cl)cc2Cl)CC1,r_smiles,train-group-000077522,3
train-000387614,train,O=C(c1ccc(N2C(=O)OCC2COC)cc1)N1CCNCC1.c1(Cl)nc(Cl)c(Cl)cc1Cl,O=C(c1ccc(N2C(=O)OCC2COC)cc1)N1CCN(c2nc(Cl)c(Cl)cc2Cl)CC1,r_smiles,train-group-000077522,4
train-000626290,train,C1CCOC1.Cl.COC(=O)c1cc(C(OC)OC)cnc1C(=O)OC,COC(=O)c1cc(C=O)cnc1C(=O)OC,r_smiles,train-group-000125258,0
train-000626291,train,c1(C(=O)OC)ncc(C(OC)OC)cc1C(=O)OC.Cl.C1CCOC1,c1(C(=O)OC)ncc(C=O)cc1C(=O)OC,r_smiles,train-group-000125258,1
train-000626292,train,Cl.C1CCCO1.COC(=O)c1cc(C(OC)OC)cnc1C(=O)OC,COC(=O)c1cc(C=O)cnc1C(=O)OC,r_smiles,train-group-000125258,2
train-000626293,train,Cl.O(C)C(=O)c1ncc(C(OC)OC)cc1C(=O)OC.C1CCOC1,O(C)C(=O)c1ncc(C=O)cc1C(=O)OC,r_smiles,train-group-000125258,3
train-000626294,train,c1nc(C(=O)OC)c(C(=O)OC)cc1C(OC)OC.O1CCCC1.Cl,c1nc(C(=O)OC)c(C(=O)OC)cc1C=O,r_smiles,train-group-000125258,4
train-000690970,train,c1ccncc1.Nc1ccc(Cl)cc1-n1nnc2ncccc21.CCOC(C)=O.CS(=O)(=O)Cl.CCOC(=O)c1ccc(S(=O)(=O)Cl)cc1F,N(c1ccc(Cl)cc1-n1nnc2ncccc21)S(=O)(=O)c1ccc(C(=O)OCC)c(F)c1,r_smiles,train-group-000138194,0
train-000690971,train,c1ccncc1.O(CC)C(C)=O.ClS(C)(=O)=O.C(=O)(OCC)c1ccc(S(=O)(=O)Cl)cc1F.c12cccnc1nnn2-c1cc(Cl)ccc1N,c12cccnc1nnn2-c1cc(Cl)ccc1NS(=O)(=O)c1ccc(C(=O)OCC)c(F)c1,r_smiles,train-group-000138194,1
train-000690972,train,S(C)(=O)(=O)Cl.O=C(OCC)c1ccc(S(=O)(=O)Cl)cc1F.c1ccncc1.CC(=O)OCC.Nc1ccc(Cl)cc1-n1nnc2ncccc21,N(c1ccc(Cl)cc1-n1nnc2ncccc21)S(=O)(=O)c1ccc(C(=O)OCC)c(F)c1,r_smiles,train-group-000138194,2
train-000690973,train,c1(N)ccc(Cl)cc1-n1nnc2ncccc21.c1ccncc1.C(C)(=O)OCC.ClS(C)(=O)=O.c1(C(=O)OCC)ccc(S(=O)(=O)Cl)cc1F,c1(NS(=O)(=O)c2ccc(C(=O)OCC)c(F)c2)ccc(Cl)cc1-n1nnc2ncccc21,r_smiles,train-group-000138194,3
train-000690974,train,C(C)OC(C)=O.O=S(=O)(Cl)c1ccc(C(=O)OCC)c(F)c1.CS(=O)(=O)Cl.c1ccccn1.c1cnc2nnn(-c3cc(Cl)ccc3N)c2c1,c1cnc2nnn(-c3cc(Cl)ccc3NS(=O)(=O)c3ccc(C(=O)OCC)c(F)c3)c2c1,r_smiles,train-group-000138194,4
train-002190270,train,C=CC(=O)OC(C)(C)C.CO.OCCCc1ccncc1,O(CCCc1ccncc1)CCC(=O)OC(C)(C)C,r_smiles,train-group-000438054,0
train-002190271,train,C(C)(C)(C)OC(=O)C=C.c1(CCCO)ccncc1.CO,c1(CCCOCCC(=O)OC(C)(C)C)ccncc1,r_smiles,train-group-000438054,1
train-002190272,train,OC.C(CO)Cc1ccncc1.C(C)(C)(C)OC(=O)C=C,C(COCCC(=O)OC(C)(C)C)Cc1ccncc1,r_smiles,train-group-000438054,2
train-002190273,train,CO.C(=C)C(=O)OC(C)(C)C.c1(CCCO)ccncc1,c1(CCCOCCC(=O)OC(C)(C)C)ccncc1,r_smiles,train-group-000438054,3
train-002190274,train,c1cnccc1CCCO.O=C(C=C)OC(C)(C)C.CO,c1cnccc1CCCOCCC(=O)OC(C)(C)C,r_smiles,train-group-000438054,4
train-000259750,train,COC(=O)C(CI)C(=O)OC(C)(C)C.FC(F)(F)c1cc(I)ccn1,COC(=O)C(Cc1ccnc(C(F)(F)F)c1)C(=O)OC(C)(C)C,r_smiles,train-group-000051950,0
train-000259751,train,COC(=O)C(CI)C(=O)OC(C)(C)C.c1(I)ccnc(C(F)(F)F)c1,COC(=O)C(Cc1ccnc(C(F)(F)F)c1)C(=O)OC(C)(C)C,r_smiles,train-group-000051950,1
train-000259752,train,FC(F)(F)c1cc(I)ccn1.COC(=O)C(CI)C(=O)OC(C)(C)C,COC(=O)C(Cc1ccnc(C(F)(F)F)c1)C(=O)OC(C)(C)C,r_smiles,train-group-000051950,2
train-000259753,train,c1(I)ccnc(C(F)(F)F)c1.O(C(=O)C(CI)C(=O)OC)C(C)(C)C,O(C(=O)C(Cc1ccnc(C(F)(F)F)c1)C(=O)OC)C(C)(C)C,r_smiles,train-group-000051950,3
train-000259754,train,ICC(C(=O)OC)C(=O)OC(C)(C)C.C(F)(F)(F)c1cc(I)ccn1,C(c1ccnc(C(F)(F)F)c1)C(C(=O)OC)C(=O)OC(C)(C)C,r_smiles,train-group-000051950,4
train-001508080,train,N#Cc1cccc(C(=O)O)c1.CN(C)C=O.Cc1ccccc1.O=S(Cl)Cl,N#Cc1cccc(C(=O)Cl)c1,r_smiles,train-group-000301616,0
train-001508081,train,c1(C(=O)O)cccc(C#N)c1.c1ccc(C)cc1.N(C)(C)C=O.ClS(=O)Cl,c1(C(=O)Cl)cccc(C#N)c1,r_smiles,train-group-000301616,1
train-001508082,train,c1cccc(C)c1.S(=O)(Cl)Cl.O=C(O)c1cccc(C#N)c1.C(=O)N(C)C,O=C(Cl)c1cccc(C#N)c1,r_smiles,train-group-000301616,2
train-001508083,train,c1ccccc1C.c1ccc(C#N)cc1C(=O)O.N(C)(C)C=O.ClS(=O)Cl,c1ccc(C#N)cc1C(=O)Cl,r_smiles,train-group-000301616,3
train-001508084,train,C(=O)N(C)C.c1cccc(C)c1.OC(=O)c1cccc(C#N)c1.ClS(=O)Cl,C(=O)(Cl)c1cccc(C#N)c1,r_smiles,train-group-000301616,4
train-000440915,train,COC=C1C(=O)NC(=O)c2ccc(Br)cc21.CC(N)(C(=O)O)c1ccc(N)cc1.CN(C)C=O,C(Nc1ccc(C(C)(N)C(=O)O)cc1)=C1C(=O)NC(=O)c2ccc(Br)cc21,r_smiles,train-group-000088183,0
train-000440916,train,CN(C)C=O.c1cc(N)ccc1C(C)(N)C(=O)O.c1c(Br)ccc2c1C(=COC)C(=O)NC2=O,c1c(Br)ccc2c1C(=CNc1ccc(C(C)(N)C(=O)O)cc1)C(=O)NC2=O,r_smiles,train-group-000088183,1
train-000440917,train,c1cc(N)ccc1C(C)(N)C(=O)O.C1(=COC)C(=O)NC(=O)c2ccc(Br)cc21.N(C)(C)C=O,C1(=CNc2ccc(C(C)(N)C(=O)O)cc2)C(=O)NC(=O)c2ccc(Br)cc21,r_smiles,train-group-000088183,2
train-000440918,train,OC(=O)C(C)(N)c1ccc(N)cc1.CN(C)C=O.c1cc(Br)cc2c1C(=O)NC(=O)C2=COC,c1cc(Br)cc2c1C(=O)NC(=O)C2=CNc1ccc(C(C)(N)C(=O)O)cc1,r_smiles,train-group-000088183,3
train-000440919,train,c1c(Br)ccc2c1C(=COC)C(=O)NC2=O.NC(C)(C(=O)O)c1ccc(N)cc1.C(=O)N(C)C,c1c(Br)ccc2c1C(=CNc1ccc(C(C)(N)C(=O)O)cc1)C(=O)NC2=O,r_smiles,train-group-000088183,4
train-001310135,train,ClC(Cl)Cl.O=C(OO)c1cccc(Cl)c1.C=C(C)Cc1c(O)c(Cl)cc(F)c1-n1c(=O)cc(C(F)(F)F)n(C)c1=O,C1OC1(C)Cc1c(O)c(Cl)cc(F)c1-n1c(=O)cc(C(F)(F)F)n(C)c1=O,r_smiles,train-group-000262027,0
train-001310136,train,O(O)C(=O)c1cccc(Cl)c1.n1(-c2c(F)cc(Cl)c(O)c2CC(=C)C)c(=O)cc(C(F)(F)F)n(C)c1=O.ClC(Cl)Cl,n1(-c2c(F)cc(Cl)c(O)c2CC2(C)CO2)c(=O)cc(C(F)(F)F)n(C)c1=O,r_smiles,train-group-000262027,1
train-001310137,train,Clc1cccc(C(=O)OO)c1.ClC(Cl)Cl.c1(-n2c(=O)cc(C(F)(F)F)n(C)c2=O)c(F)cc(Cl)c(O)c1CC(=C)C,c1(-n2c(=O)cc(C(F)(F)F)n(C)c2=O)c(F)cc(Cl)c(O)c1CC1(C)CO1,r_smiles,train-group-000262027,2
train-001310138,train,O=c1n(C)c(C(F)(F)F)cc(=O)n1-c1c(F)cc(Cl)c(O)c1CC(=C)C.ClC(Cl)Cl.c1c(Cl)cccc1C(=O)OO,O=c1n(C)c(C(F)(F)F)cc(=O)n1-c1c(F)cc(Cl)c(O)c1CC1(C)CO1,r_smiles,train-group-000262027,3
train-001310139,train,c1ccc(C(=O)OO)cc1Cl.O=c1cc(C(F)(F)F)n(C)c(=O)n1-c1c(F)cc(Cl)c(O)c1CC(=C)C.ClC(Cl)Cl,O=c1cc(C(F)(F)F)n(C)c(=O)n1-c1c(F)cc(Cl)c(O)c1CC1(C)CO1,r_smiles,train-group-000262027,4
train-000263575,train,c1ccncc1.CCOC(=O)Cc1nnc(N)s1.CC(=O)Nc1ccc(S(=O)(=O)Cl)cc1.Cl,CC(=O)Nc1ccc(S(=O)(=O)Nc2nnc(CC(=O)OCC)s2)cc1,r_smiles,train-group-000052715,0
train-000263576,train,c1cccnc1.Cl.CCOC(=O)Cc1nnc(N)s1.c1cc(S(=O)(=O)Cl)ccc1NC(C)=O,c1cc(S(=O)(=O)Nc2nnc(CC(=O)OCC)s2)ccc1NC(C)=O,r_smiles,train-group-000052715,1
train-000263577,train,C(C)(=O)Nc1ccc(S(=O)(=O)Cl)cc1.C(C(=O)OCC)c1nnc(N)s1.c1ccccn1.Cl,C(C)(=O)Nc1ccc(S(=O)(=O)Nc2nnc(CC(=O)OCC)s2)cc1,r_smiles,train-group-000052715,2
train-000263578,train,S(=O)(=O)(Cl)c1ccc(NC(C)=O)cc1.c1ccncc1.Cl.n1nc(N)sc1CC(=O)OCC,S(=O)(=O)(Nc1nnc(CC(=O)OCC)s1)c1ccc(NC(C)=O)cc1,r_smiles,train-group-000052715,3
train-000263579,train,N(C(C)=O)c1ccc(S(=O)(=O)Cl)cc1.c1cccnc1.n1nc(N)sc1CC(=O)OCC.Cl,N(C(C)=O)c1ccc(S(=O)(=O)Nc2nnc(CC(=O)OCC)s2)cc1,r_smiles,train-group-000052715,4
train-000940490,train,N#Cc1c(F)cccc1F.[Zn].C1CCOC1.CCOC(=O)CBr.[Cl-].[NH4+].[I],NC(=CC(=O)OCC)c1c(F)cccc1F,r_smiles,train-group-000188098,0
train-000940491,train,[NH4+].[Cl-].[I].C(Br)C(=O)OCC.Fc1cccc(F)c1C#N.[Zn].C1CCOC1,Fc1cccc(F)c1C(N)=CC(=O)OCC,r_smiles,train-group-000188098,1
train-000940492,train,[NH4+].C1CCOC1.[Zn].[I].C(Br)C(=O)OCC.c1(F)cccc(F)c1C#N.[Cl-],c1(F)cccc(F)c1C(N)=CC(=O)OCC,r_smiles,train-group-000188098,2
train-000940493,train,[Cl-].CCOC(=O)CBr.C1CCOC1.[I].c1(C#N)c(F)cccc1F.[Zn].[NH4+],c1(C(N)=CC(=O)OCC)c(F)cccc1F,r_smiles,train-group-000188098,3
train-000940494,train,[Zn].[Cl-].C1CCOC1.[NH4+].[I].Fc1cccc(F)c1C#N.C(C)OC(=O)CBr,Fc1cccc(F)c1C(N)=CC(=O)OCC,r_smiles,train-group-000188098,4
train-001259825,train,CC(=O)OC(C)=O.CNC(=O)C(NC(=O)c1ccc(-c2ccc3nc(N)[nH]c3c2)o1)C1CCCCC1.c1ccncc1,CNC(=O)C(NC(=O)c1ccc(-c2ccc3nc(NC(C)=O)[nH]c3c2)o1)C1CCCCC1,r_smiles,train-group-000251965,0
train-001259826,train,c1ccncc1.O(C(C)=O)C(C)=O.O=C(NC)C(NC(=O)c1ccc(-c2ccc3nc(N)[nH]c3c2)o1)C1CCCCC1,O=C(NC)C(NC(=O)c1ccc(-c2ccc3nc(NC(C)=O)[nH]c3c2)o1)C1CCCCC1,r_smiles,train-group-000251965,1
train-001259827,train,n1ccccc1.C(=O)(NC)C(NC(=O)c1ccc(-c2ccc3nc(N)[nH]c3c2)o1)C1CCCCC1.O(C(C)=O)C(C)=O,C(=O)(NC)C(NC(=O)c1ccc(-c2ccc3nc(NC(C)=O)[nH]c3c2)o1)C1CCCCC1,r_smiles,train-group-000251965,2
train-001259828,train,C1CCC(C(NC(=O)c2ccc(-c3ccc4nc(N)[nH]c4c3)o2)C(=O)NC)CC1.c1ccncc1.CC(=O)OC(C)=O,C1CCC(C(NC(=O)c2ccc(-c3ccc4nc(NC(C)=O)[nH]c4c3)o2)C(=O)NC)CC1,r_smiles,train-group-000251965,3
train-001259829,train,c1ccccn1.CC(=O)OC(C)=O.O=C(NC(C(=O)NC)C1CCCCC1)c1ccc(-c2ccc3nc(N)[nH]c3c2)o1,O=C(NC(C(=O)NC)C1CCCCC1)c1ccc(-c2ccc3nc(NC(C)=O)[nH]c3c2)o1,r_smiles,train-group-000251965,4
train-001624345,train,Cl.C1CCOC1.COc1cccc2c1COC2=O.[BH4-].[Li+],COc1cccc(CO)c1CO,r_smiles,train-group-000324869,0
train-001624346,train,Cl.[Li+].c1ccc(OC)c2c1C(=O)OC2.O1CCCC1.[BH4-],c1ccc(OC)c(CO)c1CO,r_smiles,train-group-000324869,1
train-001624347,train,O1CCCC1.[Li+].Cl.[BH4-].COc1cccc2c1COC2=O,COc1cccc(CO)c1CO,r_smiles,train-group-000324869,2
train-001624348,train,[Li+].[BH4-].O1CCCC1.C1OC(=O)c2cccc(OC)c21.Cl,C(O)c1c(CO)cccc1OC,r_smiles,train-group-000324869,3
train-001624349,train,c12c(OC)cccc1C(=O)OC2.[Li+].C1CCCO1.[BH4-].Cl,c1(CO)c(CO)cccc1OC,r_smiles,train-group-000324869,4
train-001167675,train,c1ccncc1.CCN(CC)CC.O=S(=O)=O.CS(C)=O.O=C(c1ccccc1)N1CC(O)C1,O=C(c1ccccc1)N1CC(=O)C1,r_smiles,train-group-000233535,0
train-001167676,train,OC1CN(C(=O)c2ccccc2)C1.S(C)(C)=O.O=S(=O)=O.c1ccccn1.CCN(CC)CC,O=C1CN(C(=O)c2ccccc2)C1,r_smiles,train-group-000233535,1
train-001167677,train,c1(C(=O)N2CC(O)C2)ccccc1.O=S(=O)=O.c1cccnc1.CCN(CC)CC.CS(C)=O,c1(C(=O)N2CC(=O)C2)ccccc1,r_smiles,train-group-000233535,2
train-001167678,train,CS(C)=O.c1cccc(C(=O)N2CC(O)C2)c1.c1cccnc1.C(C)N(CC)CC.O=S(=O)=O,c1cccc(C(=O)N2CC(=O)C2)c1,r_smiles,train-group-000233535,3
train-001167679,train,c1ccncc1.OC1CN(C(=O)c2ccccc2)C1.CS(C)=O.CCN(CC)CC.O=S(=O)=O,O=C1CN(C(=O)c2ccccc2)C1,r_smiles,train-group-000233535,4
train-002157355,train,NCCO.CN(C)C(On1nnc2cccnc21)=[N+](C)C.F[P-](F)(F)(F)(F)F.CCN(C(C)C)C(C)C.CC(C)(C)c1nc2cc(S(=O)(=O)n3ccc(C(=O)O)c3)ccc2n1CC1CCC(F)CC1.CN(C)C=O,CC(C)(C)c1nc2cc(S(=O)(=O)n3ccc(C(=O)NCCO)c3)ccc2n1CC1CCC(F)CC1,r_smiles,train-group-000431471,0
train-002157356,train,c1ccnc2c1nnn2OC(N(C)C)=[N+](C)C.NCCO.O=S(=O)(c1ccc2c(c1)nc(C(C)(C)C)n2CC1CCC(F)CC1)n1ccc(C(=O)O)c1.N(C)(C)C=O.C(C)(C)N(CC)C(C)C.F[P-](F)(F)(F)(F)F,O=S(=O)(c1ccc2c(c1)nc(C(C)(C)C)n2CC1CCC(F)CC1)n1ccc(C(=O)NCCO)c1,r_smiles,train-group-000431471,1
train-002157357,train,CC(C)(C)c1nc2cc(S(=O)(=O)n3ccc(C(=O)O)c3)ccc2n1CC1CCC(F)CC1.CCN(C(C)C)C(C)C.F[P-](F)(F)(F)(F)F.N(C)(C)C=O.C(O)CN.n1(OC(N(C)C)=[N+](C)C)nnc2cccnc21,CC(C)(C)c1nc2cc(S(=O)(=O)n3ccc(C(=O)NCCO)c3)ccc2n1CC1CCC(F)CC1,r_smiles,train-group-000431471,2
train-002157358,train,CC(C)(C)c1nc2cc(S(=O)(=O)n3ccc(C(=O)O)c3)ccc2n1CC1CCC(F)CC1.F[P-](F)(F)(F)(F)F.CCN(C(C)C)C(C)C.n1nc2cccnc2n1OC(N(C)C)=[N+](C)C.N(C)(C)C=O.C(O)CN,CC(C)(C)c1nc2cc(S(=O)(=O)n3ccc(C(=O)NCCO)c3)ccc2n1CC1CCC(F)CC1,r_smiles,train-group-000431471,3
train-002157359,train,n1c(C(C)(C)C)n(CC2CCC(F)CC2)c2ccc(S(=O)(=O)n3ccc(C(=O)O)c3)cc12.F[P-](F)(F)(F)(F)F.NCCO.CCN(C(C)C)C(C)C.CN(C)C=O.CN(C)C(On1nnc2cccnc21)=[N+](C)C,n1c(C(C)(C)C)n(CC2CCC(F)CC2)c2ccc(S(=O)(=O)n3ccc(C(=O)NCCO)c3)cc12,r_smiles,train-group-000431471,4
train-000357400,train,[K+].[OH-].C=CCC(C)C(O)CC(=O)OC.CO,C=CCC(C)C(O)CC(=O)O,r_smiles,train-group-000071480,0
train-000357401,train,OC.[OH-].C=CCC(C)C(O)CC(=O)OC.[K+],C=CCC(C)C(O)CC(=O)O,r_smiles,train-group-000071480,1
train-000357402,train,[K+].[OH-].OC.O=C(CC(O)C(C)CC=C)OC,O=C(O)CC(O)C(C)CC=C,r_smiles,train-group-000071480,2
train-000357403,train,C(C=C)C(C)C(O)CC(=O)OC.[K+].CO.[OH-],C(C=C)C(C)C(O)CC(=O)O,r_smiles,train-group-000071480,3
train-000357404,train,OC(CC(=O)OC)C(C)CC=C.CO.[OH-].[K+],OC(CC(=O)O)C(C)CC=C,r_smiles,train-group-000071480,4
train-000010740,train,OCCCCCCBr.ClCCl.CCO.O.CS(=O)O.CO,OCCCCCCS(C)(=O)=O,r_smiles,train-group-000002148,0
train-000010741,train,ClCCl.C(C)O.OS(C)=O.OC.C(CBr)CCCCO.O,C(CCCCO)CS(C)(=O)=O,r_smiles,train-group-000002148,1
train-000010742,train,O.C(Cl)Cl.CO.BrCCCCCCO.C(C)O.CS(=O)O,C(CCCCCO)S(C)(=O)=O,r_smiles,train-group-000002148,2
train-000010743,train,C(C)O.C(Cl)Cl.CO.C(CBr)CCCCO.O.S(C)(=O)O,C(CCCCO)CS(C)(=O)=O,r_smiles,train-group-000002148,3
train-000010744,train,O.ClCCl.BrCCCCCCO.OC.OCC.O=S(C)O,C(CCCCCO)S(C)(=O)=O,r_smiles,train-group-000002148,4
train-000147375,train,CO.[BH3-]C#N.O=C1CCCCC1.CC(=O)O.CC(O)CN,C1(NCC(C)O)CCCCC1,r_smiles,train-group-000029475,0
train-000147376,train,CC(=O)O.OC(C)CN.C1CCC(=O)CC1.OC.C([BH3-])#N,C1CCC(NCC(C)O)CC1,r_smiles,train-group-000029475,1
train-000147377,train,OC.CC(=O)O.OC(C)CN.C([BH3-])#N.C1CCCC(=O)C1,C1CCCC(NCC(C)O)C1,r_smiles,train-group-000029475,2
train-000147378,train,OC(C)CN.N#C[BH3-].O=C(C)O.O=C1CCCCC1.CO,C1(NCC(C)O)CCCCC1,r_smiles,train-group-000029475,3
train-000147379,train,CC(O)CN.OC.C([BH3-])#N.C1CCCCC1=O.CC(=O)O,C1CCCCC1NCC(C)O,r_smiles,train-group-000029475,4
train-001202255,train,CCN(CC)CC.O=[N+]([O-])c1cnc(NCc2ccccc2OC(F)(F)F)nc1NCC1CCC(N2CC(O)C2)CC1.O=S(=O)([O-])[O-].O=C(Cl)C(=O)Cl.[Na+].ClCCl.CS(C)=O.[Na+],O=[N+]([O-])c1cnc(NCc2ccccc2OC(F)(F)F)nc1NCC1CCC(N2CC(=O)C2)CC1,r_smiles,train-group-000240451,0
train-001202256,train,[O-]S(=O)(=O)[O-].CS(C)=O.c1(NCC2CCC(N3CC(O)C3)CC2)nc(NCc2ccccc2OC(F)(F)F)ncc1[N+](=O)[O-].C(Cl)Cl.[Na+].[Na+].C(C)N(CC)CC.C(=O)(Cl)C(=O)Cl,c1(NCC2CCC(N3CC(=O)C3)CC2)nc(NCc2ccccc2OC(F)(F)F)ncc1[N+](=O)[O-],r_smiles,train-group-000240451,1
train-001202257,train,[Na+].C(=O)(Cl)C(=O)Cl.S(C)(C)=O.[O-]S(=O)(=O)[O-].CCN(CC)CC.[Na+].C(Cl)Cl.C1C(O)CN1C1CCC(CNc2nc(NCc3ccccc3OC(F)(F)F)ncc2[N+](=O)[O-])CC1,C1C(=O)CN1C1CCC(CNc2nc(NCc3ccccc3OC(F)(F)F)ncc2[N+](=O)[O-])CC1,r_smiles,train-group-000240451,2
train-001202258,train,S(=O)(=O)([O-])[O-].[Na+].CS(C)=O.ClCCl.C(=O)(Cl)C(=O)Cl.CCN(CC)CC.n1c(NCc2ccccc2OC(F)(F)F)ncc([N+](=O)[O-])c1NCC1CCC(N2CC(O)C2)CC1.[Na+],n1c(NCc2ccccc2OC(F)(F)F)ncc([N+](=O)[O-])c1NCC1CCC(N2CC(=O)C2)CC1,r_smiles,train-group-000240451,3
train-001202259,train,C1(N2CC(O)C2)CCC(CNc2nc(NCc3ccccc3OC(F)(F)F)ncc2[N+](=O)[O-])CC1.O=S(=O)([O-])[O-].C(=O)(Cl)C(=O)Cl.ClCCl.CCN(CC)CC.O=S(C)C.[Na+].[Na+],C1(N2CC(=O)C2)CCC(CNc2nc(NCc3ccccc3OC(F)(F)F)ncc2[N+](=O)[O-])CC1,r_smiles,train-group-000240451,4
train-001137125,train,C[O-].Oc1ccc(OCc2ccccc2)cc1.CCOC(=O)C(C)Br.[Na+].CN(C)P(=O)(N(C)C)N(C)C,O(c1ccc(OCc2ccccc2)cc1)C(C)C(=O)OCC,r_smiles,train-group-000227425,0
train-001137126,train,[Na+].c1cccc(COc2ccc(O)cc2)c1.N(C)(C)P(=O)(N(C)C)N(C)C.[O-]C.CC(Br)C(=O)OCC,c1cccc(COc2ccc(OC(C)C(=O)OCC)cc2)c1,r_smiles,train-group-000227425,1
train-001137127,train,BrC(C)C(=O)OCC.[Na+].[O-]C.c1ccc(COc2ccc(O)cc2)cc1.N(C)(C)P(=O)(N(C)C)N(C)C,c1ccc(COc2ccc(OC(C)C(=O)OCC)cc2)cc1,r_smiles,train-group-000227425,2
train-001137128,train,C[O-].c1cccc(COc2ccc(O)cc2)c1.N(C)(C)P(=O)(N(C)C)N(C)C.CC(Br)C(=O)OCC.[Na+],c1cccc(COc2ccc(OC(C)C(=O)OCC)cc2)c1,r_smiles,train-group-000227425,3
train-001137129,train,[Na+].BrC(C)C(=O)OCC.[O-]C.N(C)(C)P(=O)(N(C)C)N(C)C.c1cccc(COc2ccc(O)cc2)c1,c1cccc(COc2ccc(OC(C)C(=O)OCC)cc2)c1,r_smiles,train-group-000227425,4
train-001036115,train,[Na+].CC(=O)O[BH-](OC(C)=O)OC(C)=O.CC(=O)O.COC(=O)c1ccsc1N.ClCCl.CC(C)C=O,COC(=O)c1ccsc1NCC(C)C,r_smiles,train-group-000207223,0
train-001036116,train,O=C(C)O.C(Cl)Cl.[Na+].O=C(C)O[BH-](OC(C)=O)OC(C)=O.O=CC(C)C.C(=O)(OC)c1ccsc1N,C(=O)(OC)c1ccsc1NCC(C)C,r_smiles,train-group-000207223,1
train-001036117,train,[Na+].ClCCl.O=CC(C)C.OC(C)=O.O([BH-](OC(C)=O)OC(C)=O)C(C)=O.C(=O)(OC)c1ccsc1N,C(=O)(OC)c1ccsc1NCC(C)C,r_smiles,train-group-000207223,2
train-001036118,train,[Na+].CC(C)C=O.O=C(C)O.C(Cl)Cl.O(C)C(=O)c1ccsc1N.O=C(C)O[BH-](OC(C)=O)OC(C)=O,O(C)C(=O)c1ccsc1NCC(C)C,r_smiles,train-group-000207223,3
train-001036119,train,s1ccc(C(=O)OC)c1N.CC(=O)O[BH-](OC(C)=O)OC(C)=O.C(C)(=O)O.[Na+].CC(C)C=O.ClCCl,s1ccc(C(=O)OC)c1NCC(C)C,r_smiles,train-group-000207223,4
train-001931515,train,c1ccncc1.O=S(=O)=O.CCN(CC)CC.O.CC(C)CC(NC(=O)c1ccc2ncccc2c1)C(=O)NC1CCC(C)N(S(=O)(=O)c2ccccn2)CC1O.CS(C)=O,CC(C)CC(NC(=O)c1ccc2ncccc2c1)C(=O)NC1CCC(C)N(S(=O)(=O)c2ccccn2)CC1=O,r_smiles,train-group-000386303,0
train-001931516,train,N(CC)(CC)CC.n1ccccc1.S(C)(C)=O.O.C(=O)(NC(CC(C)C)C(=O)NC1CCC(C)N(S(=O)(=O)c2ccccn2)CC1O)c1ccc2ncccc2c1.O=S(=O)=O,C(=O)(NC(CC(C)C)C(=O)NC1CCC(C)N(S(=O)(=O)c2ccccn2)CC1=O)c1ccc2ncccc2c1,r_smiles,train-group-000386303,1
train-001931517,train,O.CCN(CC)CC.CS(C)=O.n1ccccc1.O=S(=O)=O.O=S(=O)(c1ccccn1)N1CC(O)C(NC(=O)C(CC(C)C)NC(=O)c2ccc3ncccc3c2)CCC1C,O=S(=O)(c1ccccn1)N1CC(=O)C(NC(=O)C(CC(C)C)NC(=O)c2ccc3ncccc3c2)CCC1C,r_smiles,train-group-000386303,2
train-001931518,train,c1cccnc1.CCN(CC)CC.O.O=S(=O)(c1ccccn1)N1CC(O)C(NC(=O)C(CC(C)C)NC(=O)c2ccc3ncccc3c2)CCC1C.O=S(C)C.O=S(=O)=O,O=S(=O)(c1ccccn1)N1CC(=O)C(NC(=O)C(CC(C)C)NC(=O)c2ccc3ncccc3c2)CCC1C,r_smiles,train-group-000386303,3
train-001931519,train,O.CCN(CC)CC.O=S(=O)=O.O=S(=O)(c1ccccn1)N1CC(O)C(NC(=O)C(CC(C)C)NC(=O)c2ccc3ncccc3c2)CCC1C.c1ccncc1.CS(C)=O,O=S(=O)(c1ccccn1)N1CC(=O)C(NC(=O)C(CC(C)C)NC(=O)c2ccc3ncccc3c2)CCC1C,r_smiles,train-group-000386303,4
train-000474410,train,CS(=O)(=O)Nn1c(=O)[nH]c2cc([N+](=O)[O-])c(F)cc2c1=O.COCc1c[nH]cn1,CS(=O)(=O)Nn1c(=O)[nH]c2cc([N+](=O)[O-])c(-n3cnc(COC)c3)cc2c1=O,r_smiles,train-group-000094882,0
train-000474411,train,O=c1[nH]c2cc([N+](=O)[O-])c(F)cc2c(=O)n1NS(C)(=O)=O.[nH]1cnc(COC)c1,O=c1[nH]c2cc([N+](=O)[O-])c(-n3cnc(COC)c3)cc2c(=O)n1NS(C)(=O)=O,r_smiles,train-group-000094882,1
train-000474412,train,c1nc(COC)c[nH]1.O=c1[nH]c2cc([N+](=O)[O-])c(F)cc2c(=O)n1NS(C)(=O)=O,O=c1[nH]c2cc([N+](=O)[O-])c(-n3cnc(COC)c3)cc2c(=O)n1NS(C)(=O)=O,r_smiles,train-group-000094882,2
train-000474413,train,S(C)(=O)(=O)Nn1c(=O)[nH]c2cc([N+](=O)[O-])c(F)cc2c1=O.c1(COC)c[nH]cn1,S(C)(=O)(=O)Nn1c(=O)[nH]c2cc([N+](=O)[O-])c(-n3cnc(COC)c3)cc2c1=O,r_smiles,train-group-000094882,3
train-000474414,train,C(OC)c1c[nH]cn1.CS(=O)(=O)Nn1c(=O)[nH]c2cc([N+](=O)[O-])c(F)cc2c1=O,CS(=O)(=O)Nn1c(=O)[nH]c2cc([N+](=O)[O-])c(-n3cnc(COC)c3)cc2c1=O,r_smiles,train-group-000094882,4
train-001790665,train,CC(C)(C)OC(=O)c1ccc(CCc2ccccc2)cc1Nc1ccc(-c2ccccc2)cc1.ClCCl.O=C(O)C(F)(F)F,OC(=O)c1ccc(CCc2ccccc2)cc1Nc1ccc(-c2ccccc2)cc1,r_smiles,train-group-000358133,0
train-001790666,train,FC(F)(F)C(=O)O.ClCCl.c1(Nc2ccc(-c3ccccc3)cc2)cc(CCc2ccccc2)ccc1C(=O)OC(C)(C)C,c1(Nc2ccc(-c3ccccc3)cc2)cc(CCc2ccccc2)ccc1C(=O)O,r_smiles,train-group-000358133,1
train-001790667,train,C(F)(F)(F)C(=O)O.ClCCl.CC(C)(C)OC(=O)c1ccc(CCc2ccccc2)cc1Nc1ccc(-c2ccccc2)cc1,OC(=O)c1ccc(CCc2ccccc2)cc1Nc1ccc(-c2ccccc2)cc1,r_smiles,train-group-000358133,2
train-001790668,train,ClCCl.c1(Nc2ccc(-c3ccccc3)cc2)cc(CCc2ccccc2)ccc1C(=O)OC(C)(C)C.FC(F)(F)C(=O)O,c1(Nc2ccc(-c3ccccc3)cc2)cc(CCc2ccccc2)ccc1C(=O)O,r_smiles,train-group-000358133,3
train-001790669,train,FC(F)(F)C(=O)O.c1(CCc2ccc(C(=O)OC(C)(C)C)c(Nc3ccc(-c4ccccc4)cc3)c2)ccccc1.ClCCl,c1(CCc2ccc(C(=O)O)c(Nc3ccc(-c4ccccc4)cc3)c2)ccccc1,r_smiles,train-group-000358133,4
train-002050725,train,[I-].[Na+].[Na+].O=C([O-])[O-].Clc1cc(Nc2ncnc3sc4c(c23)CCc2nn(CCBr)cc2-4)ccc1OCc1ccccn1.CN(C)C=O.CN1CCNCC1.[Na+],Clc1cc(Nc2ncnc3sc4c(c23)CCc2nn(CCN3CCN(C)CC3)cc2-4)ccc1OCc1ccccn1,r_smiles,train-group-000410145,0
train-002050726,train,[Na+].C1CN(C)CCN1.[I-].[O-]C(=O)[O-].CN(C)C=O.[Na+].c1ccc(COc2ccc(Nc3ncnc4sc5c(c34)CCc3nn(CCBr)cc3-5)cc2Cl)nc1.[Na+],c1ccc(COc2ccc(Nc3ncnc4sc5c(c34)CCc3nn(CCN4CCN(C)CC4)cc3-5)cc2Cl)nc1,r_smiles,train-group-000410145,1
train-002050727,train,C(=O)N(C)C.c1c(Nc2ncnc3sc4c(c23)CCc2nn(CCBr)cc2-4)ccc(OCc2ccccn2)c1Cl.[Na+].[O-]C(=O)[O-].CN1CCNCC1.[Na+].[Na+].[I-],c1c(Nc2ncnc3sc4c(c23)CCc2nn(CCN3CCN(C)CC3)cc2-4)ccc(OCc2ccccn2)c1Cl,r_smiles,train-group-000410145,2
train-002050728,train,[Na+].[Na+].N1(C)CCNCC1.N(C)(C)C=O.[I-].[O-]C(=O)[O-].[Na+].n1ccccc1COc1ccc(Nc2ncnc3sc4c(c23)CCc2nn(CCBr)cc2-4)cc1Cl,n1ccccc1COc1ccc(Nc2ncnc3sc4c(c23)CCc2nn(CCN3CCN(C)CC3)cc2-4)cc1Cl,r_smiles,train-group-000410145,3
train-002050729,train,[Na+].[Na+].C(=O)N(C)C.C(Oc1ccc(Nc2ncnc3sc4c(c23)CCc2nn(CCBr)cc2-4)cc1Cl)c1ccccn1.[Na+].[I-].C1CN(C)CCN1.[O-]C(=O)[O-],C(Oc1ccc(Nc2ncnc3sc4c(c23)CCc2nn(CCN3CCN(C)CC3)cc2-4)cc1Cl)c1ccccn1,r_smiles,train-group-000410145,4
train-002038830,train,Nc1ncc(Br)s1.[K+].O=C([O-])[O-].CCOC(=O)CCS.CN(C)C=O.[K+].O,CCOC(=O)CCSc1cnc(N)s1,r_smiles,train-group-000407766,0
train-002038831,train,[K+].c1nc(N)sc1Br.C(=O)(CCS)OCC.[K+].O=C([O-])[O-].CN(C)C=O.O,C(=O)(CCSc1cnc(N)s1)OCC,r_smiles,train-group-000407766,1
train-002038832,train,O.C(=O)N(C)C.O=C([O-])[O-].[K+].C(C)OC(=O)CCS.[K+].c1(Br)cnc(N)s1,C(C)OC(=O)CCSc1cnc(N)s1,r_smiles,train-group-000407766,2
train-002038833,train,O.C(=O)([O-])[O-].Nc1ncc(Br)s1.[K+].[K+].CN(C)C=O.CCOC(=O)CCS,CCOC(=O)CCSc1cnc(N)s1,r_smiles,train-group-000407766,3
train-002038834,train,[O-]C(=O)[O-].O=CN(C)C.O.Brc1cnc(N)s1.[K+].C(=O)(CCS)OCC.[K+],C(=O)(CCSc1cnc(N)s1)OCC,r_smiles,train-group-000407766,4
train-000034430,train,O=[N+]([O-])c1ccc(Oc2c(Br)cnc3ccsc23)c(F)c1.Nc1ccc(Oc2nccc3cc[nH]c23)c(F)c1,Nc1ccc(Oc2c(Br)cnc3ccsc23)c(F)c1,r_smiles,train-group-000006886,0
train-000034431,train,c1cc(Oc2c(Br)cnc3ccsc23)c(F)cc1[N+](=O)[O-].c1(Oc2nccc3cc[nH]c23)ccc(N)cc1F,c1cc(Oc2c(Br)cnc3ccsc23)c(F)cc1N,r_smiles,train-group-000006886,1
train-000034432,train,c1cnc(Oc2ccc(N)cc2F)c2[nH]ccc12.c1cc([N+](=O)[O-])cc(F)c1Oc1c(Br)cnc2ccsc12,c1cc(N)cc(F)c1Oc1c(Br)cnc2ccsc12,r_smiles,train-group-000006886,2
train-000034433,train,c1(Oc2c(Br)cnc3ccsc23)ccc([N+](=O)[O-])cc1F.c1c[nH]c2c(Oc3ccc(N)cc3F)nccc12,c1(Oc2c(Br)cnc3ccsc23)ccc(N)cc1F,r_smiles,train-group-000006886,3
train-000034434,train,c12sccc1ncc(Br)c2Oc1ccc([N+](=O)[O-])cc1F.c1cc2cc[nH]c2c(Oc2ccc(N)cc2F)n1,c12sccc1ncc(Br)c2Oc1ccc(N)cc1F,r_smiles,train-group-000006886,4
train-001772110,train,CCO.Cl.CCC(=O)Nc1sc(Cl)cc1C(=O)c1ccccc1F,CNc1sc(Cl)cc1C(=O)c1ccccc1F,r_smiles,train-group-000354422,0
train-001772111,train,C(C)O.c1(C(=O)c2ccccc2F)cc(Cl)sc1NC(=O)CC.Cl,c1(C(=O)c2ccccc2F)cc(Cl)sc1NC,r_smiles,train-group-000354422,1
train-001772112,train,c1ccc(F)c(C(=O)c2cc(Cl)sc2NC(=O)CC)c1.Cl.OCC,c1ccc(F)c(C(=O)c2cc(Cl)sc2NC)c1,r_smiles,train-group-000354422,2
train-001772113,train,N(C(=O)CC)c1sc(Cl)cc1C(=O)c1ccccc1F.Cl.OCC,N(C)c1sc(Cl)cc1C(=O)c1ccccc1F,r_smiles,train-group-000354422,3
train-001772114,train,C(C)O.Cl.c1(C(=O)c2cc(Cl)sc2NC(=O)CC)ccccc1F,c1(C(=O)c2cc(Cl)sc2NC)ccccc1F,r_smiles,train-group-000354422,4
train-001461035,train,[Cs+].[Cs+].CN1CCCC1=O.COC(=O)C1CC(OS(=O)(=O)c2ccc(Br)cc2)CN1C(=O)OC(C)(C)C.CCOC(C)=O.O=C([O-])[O-].O.COc1ccc2cc(Br)c(=O)[nH]c2c1,COC(=O)C1CC(Oc2nc3cc(OC)ccc3cc2Br)CN1C(=O)OC(C)(C)C,r_smiles,train-group-000292207,0
train-001461036,train,[Cs+].c1(Br)ccc(S(=O)(=O)OC2CC(C(=O)OC)N(C(=O)OC(C)(C)C)C2)cc1.C1(=O)CCCN1C.[Cs+].CC(=O)OCC.[O-]C(=O)[O-].O.c1c(OC)ccc2cc(Br)c(=O)[nH]c12,C1(Oc2nc3cc(OC)ccc3cc2Br)CC(C(=O)OC)N(C(=O)OC(C)(C)C)C1,r_smiles,train-group-000292207,1
train-001461037,train,O=S(=O)(OC1CC(C(=O)OC)N(C(=O)OC(C)(C)C)C1)c1ccc(Br)cc1.C1CCC(=O)N1C.[Cs+].c12ccc(OC)cc1[nH]c(=O)c(Br)c2.[O-]C(=O)[O-].CC(=O)OCC.[Cs+].O,C1(Oc2nc3cc(OC)ccc3cc2Br)CC(C(=O)OC)N(C(=O)OC(C)(C)C)C1,r_smiles,train-group-000292207,2
train-001461038,train,CCOC(C)=O.[Cs+].C1CC(=O)N(C)C1.c1cc(OC)cc2[nH]c(=O)c(Br)cc12.[Cs+].O.c1cc(S(=O)(=O)OC2CC(C(=O)OC)N(C(=O)OC(C)(C)C)C2)ccc1Br.[O-]C(=O)[O-],C1(Oc2nc3cc(OC)ccc3cc2Br)CC(C(=O)OC)N(C(=O)OC(C)(C)C)C1,r_smiles,train-group-000292207,3
train-001461039,train,C1C(OS(=O)(=O)c2ccc(Br)cc2)CC(C(=O)OC)N1C(=O)OC(C)(C)C.C(=O)([O-])[O-].[Cs+].c1(=O)[nH]c2cc(OC)ccc2cc1Br.O.O(CC)C(C)=O.[Cs+].CN1CCCC1=O,C1C(Oc2nc3cc(OC)ccc3cc2Br)CC(C(=O)OC)N1C(=O)OC(C)(C)C,r_smiles,train-group-000292207,4
train-002137535,train,CCOC(=O)C=Cc1cccc(N)c1.O=C(O)c1cccc(-c2ccc(F)cc2)n1,C(=O)(Nc1cccc(C=CC(=O)OCC)c1)c1cccc(-c2ccc(F)cc2)n1,r_smiles,train-group-000427507,0
train-002137536,train,c1(C(=O)O)cccc(-c2ccc(F)cc2)n1.c1cc(N)cc(C=CC(=O)OCC)c1,c1(C(=O)Nc2cccc(C=CC(=O)OCC)c2)cccc(-c2ccc(F)cc2)n1,r_smiles,train-group-000427507,1
train-002137537,train,c1cc(C(=O)O)nc(-c2ccc(F)cc2)c1.C(C)OC(=O)C=Cc1cccc(N)c1,c1cc(C(=O)Nc2cccc(C=CC(=O)OCC)c2)nc(-c2ccc(F)cc2)c1,r_smiles,train-group-000427507,2
train-002137538,train,c1ccc(C(=O)O)nc1-c1ccc(F)cc1.C(=Cc1cccc(N)c1)C(=O)OCC,c1ccc(C(=O)Nc2cccc(C=CC(=O)OCC)c2)nc1-c1ccc(F)cc1,r_smiles,train-group-000427507,3
train-002137539,train,c1cc(F)ccc1-c1cccc(C(=O)O)n1.CCOC(=O)C=Cc1cccc(N)c1,c1cc(F)ccc1-c1cccc(C(=O)Nc2cccc(C=CC(=O)OCC)c2)n1,r_smiles,train-group-000427507,4
train-000482200,train,CCc1ccc(Cc2cc(Br)c(OCCO)cc2Cl)cc1.[H-].C=CCBr.CN(C)C=O.[Na+],CCc1ccc(Cc2cc(Br)c(OCCOCC=C)cc2Cl)cc1,r_smiles,train-group-000096440,0
train-000482201,train,[Na+].CCc1ccc(Cc2cc(Br)c(OCCO)cc2Cl)cc1.[H-].BrCC=C.O=CN(C)C,CCc1ccc(Cc2cc(Br)c(OCCOCC=C)cc2Cl)cc1,r_smiles,train-group-000096440,1
train-000482202,train,c1(Cc2ccc(CC)cc2)cc(Br)c(OCCO)cc1Cl.[H-].C=CCBr.N(C)(C)C=O.[Na+],c1(Cc2ccc(CC)cc2)cc(Br)c(OCCOCC=C)cc1Cl,r_smiles,train-group-000096440,2
train-000482203,train,c1(Cc2cc(Br)c(OCCO)cc2Cl)ccc(CC)cc1.[H-].[Na+].C(=O)N(C)C.C(Br)C=C,c1(Cc2cc(Br)c(OCCOCC=C)cc2Cl)ccc(CC)cc1,r_smiles,train-group-000096440,3
train-000482204,train,[Na+].[H-].c1cc(CC)ccc1Cc1cc(Br)c(OCCO)cc1Cl.C=CCBr.C(=O)N(C)C,c1cc(CC)ccc1Cc1cc(Br)c(OCCOCC=C)cc1Cl,r_smiles,train-group-000096440,4
