src,tgt
ClCCl.CC(=O)O.CCOC(C)=O.COC(=O)c1ccc2c(C3CCCCC3)c3n(c2c1)CC(NCCN(C)C)Cc1ccccc1-3.C=O,COC(=O)c1ccc2c(C3CCCCC3)c3n(c2c1)CC(N(C)CCN(C)C)Cc1ccccc1-3
C=O.C1CCCC(c2c3n(c4cc(C(=O)OC)ccc24)CC(NCCN(C)C)Cc2ccccc2-3)C1.CCOC(C)=O.C(Cl)Cl.CC(=O)O,C1CCCC(c2c3n(c4cc(C(=O)OC)ccc24)CC(N(C)CCN(C)C)Cc2ccccc2-3)C1
OC(C)=O.C=O.C(CNC1Cc2ccccc2-c2c(C3CCCCC3)c3ccc(C(=O)OC)cc3n2C1)N(C)C.ClCCl.C(C)(=O)OCC,C(CN(C)C1Cc2ccccc2-c2c(C3CCCCC3)c3ccc(C(=O)OC)cc3n2C1)N(C)C
CC(=O)OCC.CC(=O)O.c12ccc(C(=O)OC)cc1n1c(c2C2CCCCC2)-c2ccccc2CC(NCCN(C)C)C1.O=C.ClCCl,c12ccc(C(=O)OC)cc1n1c(c2C2CCCCC2)-c2ccccc2CC(N(C)CCN(C)C)C1
O(CC)C(C)=O.N(CCN(C)C)C1Cc2ccccc2-c2c(C3CCCCC3)c3ccc(C(=O)OC)cc3n2C1.CC(=O)O.C(Cl)Cl.O=C,N(C)(CCN(C)C)C1Cc2ccccc2-c2c(C3CCCCC3)c3ccc(C(=O)OC)cc3n2C1
O=C(c1ccc(Oc2ncccc2C2=CCOCC2)cc1)c1nc2ccccc2s1.[OH-].[OH-].C1CCOC1.[Pd+2],OC(c1ccc(Oc2ncccc2C2=CCOCC2)cc1)c1nc2ccccc2s1
c1cccc2sc(C(=O)c3ccc(Oc4ncccc4C4=CCOCC4)cc3)nc12.[OH-].C1CCOC1.[Pd+2].[OH-],c1cccc2sc(C(O)c3ccc(Oc4ncccc4C4=CCOCC4)cc3)nc12
[OH-].O1CCCC1.[Pd+2].c1(C(=O)c2ccc(Oc3ncccc3C3=CCOCC3)cc2)nc2ccccc2s1.[OH-],c1(C(O)c2ccc(Oc3ncccc3C3=CCOCC3)cc2)nc2ccccc2s1
[Pd+2].[OH-].[OH-].C1C=C(c2cccnc2Oc2ccc(C(=O)c3nc4ccccc4s3)cc2)CCO1.C1CCOC1,C1C=C(c2cccnc2Oc2ccc(C(O)c3nc4ccccc4s3)cc2)CCO1
[Pd+2].O1CCCC1.c1ccnc(Oc2ccc(C(=O)c3nc4ccccc4s3)cc2)c1C1=CCOCC1.[OH-].[OH-],c1ccnc(Oc2ccc(C(O)c3nc4ccccc4s3)cc2)c1C1=CCOCC1
O=C(Cl)c1ccccc1.Cl.CN(C(=O)c1ccc(Cl)cc1)C1CCN(C(=O)C2CCCNC2)CC1c1ccc(Cl)c(Cl)c1,CN(C(=O)c1ccc(Cl)cc1)C1CCN(C(=O)C2CCCN(C(=O)c3ccccc3)C2)CC1c1ccc(Cl)c(Cl)c1
c1(C(=O)Cl)ccccc1.Cl.C1CN(C(=O)C2CCCNC2)CC(c2ccc(Cl)c(Cl)c2)C1N(C)C(=O)c1ccc(Cl)cc1,C1CN(C(=O)C2CCCN(C(=O)c3ccccc3)C2)CC(c2ccc(Cl)c(Cl)c2)C1N(C)C(=O)c1ccc(Cl)cc1
Cl.Clc1ccc(C(=O)N(C)C2CCN(C(=O)C3CCCNC3)CC2c2ccc(Cl)c(Cl)c2)cc1.O=C(Cl)c1ccccc1,Clc1ccc(C(=O)N(C)C2CCN(C(=O)C3CCCN(C(=O)c4ccccc4)C3)CC2c2ccc(Cl)c(Cl)c2)cc1
Cl.c1(C(=O)Cl)ccccc1.C1C(c2ccc(Cl)c(Cl)c2)C(N(C)C(=O)c2ccc(Cl)cc2)CCN1C(=O)C1CCCNC1,C1C(c2ccc(Cl)c(Cl)c2)C(N(C)C(=O)c2ccc(Cl)cc2)CCN1C(=O)C1CCCN(C(=O)c2ccccc2)C1
ClC(=O)c1ccccc1.N1CCCC(C(=O)N2CCC(N(C)C(=O)c3ccc(Cl)cc3)C(c3ccc(Cl)c(Cl)c3)C2)C1.Cl,N1(C(=O)c2ccccc2)CCCC(C(=O)N2CCC(N(C)C(=O)c3ccc(Cl)cc3)C(c3ccc(Cl)c(Cl)c3)C2)C1
CO.[OH-].[Na+].CC(=O)Nc1c(-c2ccccn2)cccc1[N+](=O)[O-],Nc1c(-c2ccccn2)cccc1[N+](=O)[O-]
[OH-].[Na+].c1ccc([N+](=O)[O-])c(NC(C)=O)c1-c1ccccn1.OC,c1ccc([N+](=O)[O-])c(N)c1-c1ccccn1
c1ccnc(-c2cccc([N+](=O)[O-])c2NC(C)=O)c1.[Na+].[OH-].OC,c1ccnc(-c2cccc([N+](=O)[O-])c2N)c1
OC.[Na+].O=[N+]([O-])c1cccc(-c2ccccn2)c1NC(C)=O.[OH-],O=[N+]([O-])c1cccc(-c2ccccn2)c1N
c1ccc([N+](=O)[O-])c(NC(C)=O)c1-c1ccccn1.[OH-].[Na+].CO,c1ccc([N+](=O)[O-])c(N)c1-c1ccccn1
O.O=C(OC(Cl)(Cl)Cl)OC(Cl)(Cl)Cl.CC(C)(C)c1nnc(N)s1.COc1cc2nccc(Oc3ccc(N)c(C)c3C)c2cc1OC.CCN(CC)CC.ClC(Cl)Cl,COc1cc2nccc(Oc3ccc(NC(=O)Nc4nnc(C(C)(C)C)s4)c(C)c3C)c2cc1OC
ClC(Cl)(Cl)OC(=O)OC(Cl)(Cl)Cl.N(CC)(CC)CC.COc1cc2nccc(Oc3ccc(N)c(C)c3C)c2cc1OC.O.ClC(Cl)Cl.C(C)(C)(C)c1nnc(N)s1,COc1cc2nccc(Oc3ccc(NC(=O)Nc4nnc(C(C)(C)C)s4)c(C)c3C)c2cc1OC
O.n1nc(C(C)(C)C)sc1N.O(c1ccc(N)c(C)c1C)c1ccnc2cc(OC)c(OC)cc12.C(C)N(CC)CC.ClC(Cl)Cl.ClC(Cl)(Cl)OC(=O)OC(Cl)(Cl)Cl,O(c1ccc(NC(=O)Nc2nnc(C(C)(C)C)s2)c(C)c1C)c1ccnc2cc(OC)c(OC)cc12
O.N(CC)(CC)CC.ClC(Cl)(Cl)OC(=O)OC(Cl)(Cl)Cl.ClC(Cl)Cl.CC(C)(C)c1nnc(N)s1.c12cc(OC)c(OC)cc1c(Oc1ccc(N)c(C)c1C)ccn2,c12cc(OC)c(OC)cc1c(Oc1ccc(NC(=O)Nc3nnc(C(C)(C)C)s3)c(C)c1C)ccn2
C(=O)(OC(Cl)(Cl)Cl)OC(Cl)(Cl)Cl.Nc1ccc(Oc2ccnc3cc(OC)c(OC)cc23)c(C)c1C.ClC(Cl)Cl.CC(C)(C)c1nnc(N)s1.O.CCN(CC)CC,N(C(=O)Nc1nnc(C(C)(C)C)s1)c1ccc(Oc2ccnc3cc(OC)c(OC)cc23)c(C)c1C
[OH-].Cl.O.[K+].OCCO.Cc1c(Cl)cnn(C(C)(C)C)c1=O,Cc1c(O)cnn(C(C)(C)C)c1=O
Cl.[K+].c1(Cl)cnn(C(C)(C)C)c(=O)c1C.C(O)CO.[OH-].O,c1(O)cnn(C(C)(C)C)c(=O)c1C
CC(C)(C)n1ncc(Cl)c(C)c1=O.O.OCCO.Cl.[OH-].[K+],CC(C)(C)n1ncc(O)c(C)c1=O
CC(C)(C)n1ncc(Cl)c(C)c1=O.Cl.[OH-].O.C(O)CO.[K+],CC(C)(C)n1ncc(O)c(C)c1=O
OCCO.Cc1c(Cl)cnn(C(C)(C)C)c1=O.Cl.[OH-].O.[K+],Cc1c(O)cnn(C(C)(C)C)c1=O
[K+].CO.O=C([O-])[O-].COC(=O)CCCCCCCc1ccc(C=O)o1.[K+],O=C(O)CCCCCCCc1ccc(C=O)o1
CO.c1(C=O)ccc(CCCCCCCC(=O)OC)o1.C(=O)([O-])[O-].[K+].[K+],c1(C=O)ccc(CCCCCCCC(=O)O)o1
